"","channel","atricle_count","url","article_num"
"1","安全",75,"http://safe.it168.com",1170512.784
"2","办公",84,"http://oa.it168.com",2889585.755
"3","打印",27,"http://print.it168.com",2318863.781
"4","技术开发",144,"http://tech.it168.com",3151206.226
"5","手机",1490,"http://mobile.it168.com",10191845.03
"6","数码",371,"http://digital.it168.com",4996681.189
"7","数码相机",98,"http://dc.it168.com",8258747.011
"8","投影机",46,"http://projector.it168.com",611630.0009
"9","GPS",4,"http://gps.it168.com",1959282.503
