channel,url,article_num安全,http://safe.it168.com,1170512.784技术开发,http://tech.it168.com,3151206.226驱动,http://driver.it168.com,698.7573286手机,http://mobile.it168.com,10191845.03资讯,http://news.it168.com,8629.640648数码相机,http://dc.it168.com,8258747.011数码,http://digital.it168.com,4996681.189办公,http://oa.it168.com,2889585.755投影机,http://projector.it168.com,611630.0009台式机,http://pc.it168.com,998685.7937打印,http://print.it168.com,2318863.781GPS,http://gps.it168.com,1959282.503